portid,portname,country,ISO3
port1325,Tsuruga,Japan,JPN
port1198,Sibolga,Indonesia,IDN
port339,Fang-Cheng,China,CHN
port1335,Ube,Japan,JPN
port153,Bluff Harbor,New Zealand,NZL
port1334,Tynemouth,United Kingdom,GBR
port897,Penglai,China,CHN
port750,Misrata,Libya,LBY
port563,Khorramshahr,Iran,IRN
port1343,Uno,Japan,JPN
port1224,Stagen,Indonesia,IDN
port834,Nowshahr Port,Iran,IRN
port1069,Qingdao,China,CHN
port1345,Uwajima,Japan,JPN
port23,Alexandria,Egypt,EGY
port743,Mina Al Ahmadi,Kuwait,KWT
port1400,Wisbech,United Kingdom,GBR
port1378,Wakamatsu (Kitakyushu),Japan,JPN
port1070,Dongjiakou,China,CHN
port71,As Suways,Egypt,EGY
port45,Amsterdam,The Netherlands,NLD
port1237,Tanjung Perak,Indonesia,IDN
port1379,Wakayama-Shimotsu,Japan,JPN
port458,Hay Point,Australia,AUS
port1402,Workington,United Kingdom,GBR
port1071,Qinzhou,China,CHN
port396,Gisborne,New Zealand,NZL
port1072,Qinhuangdao,China,CHN
port1262,Tanah Merah,Indonesia,IDN
port1142,San Giorgio,Italy,ITA
port1073,Qiwei,China,CHN
port1411,Yatsushiro,Japan,JPN
port767,Morehead City,United States,USA
port191,Safaga,Egypt,EGY
port1412,Yawatahama,Japan,JPN
port370,Fuzhou,China,CHN
port1416,Yokkaichi,Japan,JPN
port1074,Quanzhou,China,CHN
port1267,Tanjung Benete,Indonesia,IDN
port285,Delfzijl,The Netherlands,NLD
port4,Abidjan,Côte d'Ivoire,CIV
port192,Port Said,Egypt,EGY
port1105,Rizhao,China,CHN
port469,Hobart,Australia,AUS
port1417,Yokohama,Japan,JPN
port1268,Tanjung Geren,Indonesia,IDN
port1418,Yokosuka,Japan,JPN
port274,Damietta,Egypt,EGY
port16,Aktau Port,Kazakhstan,KAZ
port1146,San Pedro,Côte d'Ivoire,CIV
port129,Bautino,Kazakhstan,KAZ
port321,Al Adabiyah,Egypt,EGY
port5,Abu Dhabi,United Arab Emirates,ARE
port17,Akureyri,Iceland,ISL
port13,Ajman,United Arab Emirates,ARE
port295,Djupivogur,Iceland,ISL
port22,Al Hamriyah LPG Terminal,United Arab Emirates,ARE
port329,Eskifjordhur,Iceland,ISL
port72,Sharjah,United Arab Emirates,ARE
port1098,Reykjavik,Iceland,ISL
port306,Dubai,United Arab Emirates,ARE
port19,Al Aqabah,Jordan,JOR
port808,New Bedford,United States,USA
port1151,Sanshandaocun,China,CHN
port362,Al Fujayrah,United Arab Emirates,ARE
port1187,Shantou,China,CHN
port512,Jabal Az Zannah-Ruways,United Arab Emirates,ARE
port1188,Shanghai,China,CHN
port561,Khor al Fakkan,United Arab Emirates,ARE
port1189,Shekou (Shenzhen),China,CHN
port744,Jebel Ali,United Arab Emirates,ARE
port1191,Shidao Newport,China,CHN
port747,Mina Saqr,United Arab Emirates,ARE
port1192,Shijing Longxiang,China,CHN
port1340,Umm al Qaiwain,United Arab Emirates,ARE
port1195,Shougang Jingtang,China,CHN
port794,Napier,New Zealand,NZL
port20,Al Basrah,Iraq,IRQ
port1167,Sarroch Oil Terminal,Italy,ITA
port1341,Umm Qasr,Iraq,IRQ
port375,Gaogang,China,CHN
port21,Ras Lanuf (Al Burayqah),Libya,LBY
port85,Az Zawiyah,Libya,LBY
port26,Latakia,Syria,SYR
port110,Benghazi,Libya,LBY
port334,Ez Zueitina,Libya,LBY
port316,Eemshaven,The Netherlands,NLD
port562,Khoms,Libya,LBY
port710,Mellitah (Marsa Sabratah),Libya,LBY
port809,New Haven,United States,USA
port734,Marsa Tobruk,Libya,LBY
port748,Tripoli,Libya,LBY
port804,Nelson,New Zealand,NZL
port1431,Palma de Mallorca,Spain,ESP
port6,Acajutla,El Salvador,SLV
port1196,Shui Dong,China,CHN
port1171,Savona,Italy,ITA
port7,Acapulco,Mexico,MEX
port591,Koolan,Australia,AUS
port1233,Sundaomen Wuz,China,CHN
port30,Alesund,Norway,NOR
port1249,Taganrog,Russian Federation,RUS
port410,Gourd Shanzui,China,CHN
port1253,Taicang,China,CHN
port454,Harlingen,The Netherlands,NLD
port0,Abbot Point,Australia,AUS
port39,Alvika,Norway,NOR
port1266,Tangshan (Jingtang),China,CHN
port675,Mackay,Australia,AUS
port1270,Tanjung Sangata,Indonesia,IDN
port1297,Tianjin Xin Gang,China,CHN
port812,New Orleans,United States,USA
port38,Altamira,Mexico,MEX
port1385,Weifang Port,China,CHN
port1281,Teluk Bayur,Indonesia,IDN
port252,Coatzacoalcos,Mexico,MEX
port423,Guangdong Yangjiang Port,China,CHN
port32,Alger,Algeria,DZA
port298,Dos Bocas Terminal,Mexico,MEX
port813,New Plymouth,New Zealand,NZL
port326,Ensenada,Mexico,MEX
port1369,Vladivostok,Russian Federation,RUS
port1386,Weihai,China,CHN
port1275,Taranto,Italy,ITA
port487,IJmuiden,The Netherlands,NLD
port427,Guaymas,Mexico,MEX
port64,Ardalstangen,Norway,NOR
port1390,Wenzhou,China,CHN
port815,New York-New Jersey,United States,USA
port637,Lazaro Cardenas,Mexico,MEX
port1403,Xiagong,China,CHN
port729,Melbourne,Australia,AUS
port1287,Tg. Sorong,Indonesia,IDN
port699,Manzanillo,Mexico,MEX
port1404,Xiamen,China,CHN
port1114,Rotterdam,The Netherlands,NLD
port176,Broome,Australia,AUS
port1405,Xiuyu,China,CHN
port424,Guangxi Beibu Gulf Port,China,CHN
port53,Annaba,Algeria,DZA
port723,Mazatlan,Mexico,MEX
port65,Ardal,Norway,NOR
port70,Arzew,Algeria,DZA
port1409,Yangpu,China,CHN
port905,Pichilingue,Mexico,MEX
port1318,Trieste,Italy,ITA
port305,Duba Bulk Plant Tanker Terminal,Saudi Arabia,SAU
port1410,Yantai,China,CHN
port1023,Progreso Yucatan,Mexico,MEX
port865,Dunedin,New Zealand,NZL
port1374,Vostochnyy,Russian Federation,RUS
port1109,Rosarito,Mexico,MEX
port1284,Terneuzen,The Netherlands,NLD
port190,Bunbury,Australia,AUS
port1414,Yantian,China,CHN
port1136,Salina Cruz,Mexico,MEX
port741,Milner Bay,Australia,AUS
port1415,Yingkou,China,CHN
port1327,Tuban,Indonesia,IDN
port1144,San Miguel De Cozumel,Mexico,MEX
port425,Guangzhou,China,CHN
port1425,Zhangjiangang,China,CHN
port138,Bejaia,Algeria,DZA
port1260,Tampico,Mexico,MEX
port50,Andoany,Madagascar,MDG
port1426,Zhanjiang,China,CHN
port1310,Topolobampo,Mexico,MEX
port818,Newport News,United States,USA
port1427,Zhapu,China,CHN
port518,Jeddah,Saudi Arabia,SAU
port906,Picton,New Zealand,NZL
port1376,Vyborg,Russian Federation,RUS
port194,Burnie,Australia,AUS
port147,Bergen,Norway,NOR
port1336,Makassar,Indonesia,IDN
port1428,Zhouliwang,China,CHN
port1370,Vlissingen,The Netherlands,NLD
port293,Djen-Djen,Algeria,DZA
port1429,Zhoushan,China,CHN
port46,Amuay (Bahia De Amuay),Venezuela,VEN
port436,Haifeng power,China,CHN
port392,Ghazaouet,Algeria,DZA
port1332,Tuxpan,Mexico,MEX
port124,Bata,Equatorial Guinea,GNQ
port1358,Veracruz,Mexico,MEX
port9,Aden,Yemen,YEM
port666,Luba,Equatorial Guinea,GNQ
port18,Al-hudaydah,Yemen,YEM
port685,Malabo,Equatorial Guinea,GNQ
port27,Al Mukalla,Yemen,YEM
port125,Batangas City,Philippines,PHL
port10,Agadir,Morocco,MAR
port182,Buco,Philippines,PHL
port220,Casablanca,Morocco,MAR
port198,Butuan City,Philippines,PHL
port319,Jorf Lasfar,Morocco,MAR
port202,Cagayan de Oro,Philippines,PHL
port224,Cebu,Philippines,PHL
port281,Davao,Philippines,PHL
port386,General Santos,Philippines,PHL
port756,Mohammedia,Morocco,MAR
port55,Antisranana,Madagascar,MDG
port488,Iligan,Philippines,PHL
port771,Mostaganem,Algeria,DZA
port856,Oran,Algeria,DZA
port969,Skikda (Port Methanier),Algeria,DZA
port33,Aliaga,Türkiye,TUR
port54,Port Akdeniz,Türkiye,TUR
port109,Bandirma,Türkiye,TUR
port162,Botas,Türkiye,TUR
port163,Botas Natural Gas Terminal,Türkiye,TUR
port286,Delta Terminal,Türkiye,TUR
port287,Derince (Izmit-Kocaeli),Türkiye,TUR
port327,Eregli,Türkiye,TUR
port816,Newcastle,Australia,AUS
port971,Port Nador,Morocco,MAR
port338,Famagusta,Türkiye,TUR
port520,Jimenez,Philippines,PHL
port1118,Safi,Morocco,MAR
port694,Manila,Philippines,PHL
port1265,Tangier-Mediterranean,Morocco,MAR
port716,Masao,Philippines,PHL
port11,Ahus,Sweden,SWE
port797,Nasipit Port,Philippines,PHL
port175,Brofjorden,Sweden,SWE
port858,Ormoc,Philippines,PHL
port335,Falkenberg,Sweden,SWE
port1056,Puerto Princesa,Philippines,PHL
port379,Gavle,Sweden,SWE
port1232,Subic Bay,Philippines,PHL
port408,Gothenburg,Sweden,SWE
port1238,Surigao City,Philippines,PHL
port444,Halmstad,Sweden,SWE
port826,Norfolk,United States,USA
port1366,Villanueva,Philippines,PHL
port459,Helsingborg,Sweden,SWE
port385,Gemlik,Türkiye,TUR
port966,Port Lyttelton,New Zealand,NZL
port486,Husum,Sweden,SWE
port401,Golcuk,Türkiye,TUR
port169,Brevik,Norway,NOR
port531,Kalmar,Sweden,SWE
port429,Gulluk,Türkiye,TUR
port437,Haikou,China,CHN
port546,Karlshamn,Sweden,SWE
port457,Haydarpasa,Türkiye,TUR
port1420,Zamboanga,Philippines,PHL
port340,Faradofay,Madagascar,MDG
port359,Frederiksvaerk,Denmark,DNK
port670,Lulea,Sweden,SWE
port477,Hopa,Türkiye,TUR
port854,Onslow,Australia,AUS
port690,Malmo,Sweden,SWE
port503,Iskenderun,Türkiye,TUR
port127,Batumi,Georgia,GEO
port1290,Thamshamm,Norway,NOR
port504,Istanbul,Türkiye,TUR
port839,Oakland,United States,USA
port770,Moss,Sweden,SWE
port606,Kulevi Oil Terminal,Georgia,GEO
port1064,Punta Lobitos,Peru,PER
port510,Izmir,Türkiye,TUR
port1278,Tauranga,New Zealand,NZL
port827,Norrkoping,Sweden,SWE
port1016,Poti,Georgia,GEO
port1399,"Wilmington, NC",United States,USA
port98,Bajo Grande,Venezuela,VEN
port527,Gebze,Türkiye,TUR
port838,Nynashamn,Sweden,SWE
port49,Ancona,Italy,ITA
port131,Bayonne,France,FRA
port296,Djupviken,Norway,NOR
port863,Smalandshamnar,Sweden,SWE
port1321,Tromso,Norway,NOR
port158,Bordeaux,France,FRA
port542,Karabiga,Türkiye,TUR
port438,Haimen,China,CHN
port868,Oxelosund,Sweden,SWE
port419,Grenaa,Denmark,DNK
port206,Calais,France,FRA
port735,Mersin,Türkiye,TUR
port680,Majunga,Madagascar,MDG
port909,Pitea,Sweden,SWE
port3,Aberdeen,United Kingdom,GBR
port310,Dunkirk,France,FRA
port805,Nemrut Bay,Türkiye,TUR
port1205,Skelleftehamn,Sweden,SWE
port1301,Toamasina,Madagascar,MDG
port1139,Samsun,Türkiye,TUR
port351,Fos,France,FRA
port1207,Skutskar,Sweden,SWE
port1307,Toliara,Madagascar,MDG
port1280,Tekirdag,Türkiye,TUR
port1132,Salaverry,Peru,PER
port620,La Pallice,France,FRA
port1209,Sodertalje,Sweden,SWE
port638,Saint Brieuc,France,FRA
port51,Caucedo,Dominican Republic,DOM
port898,Pepillo Salcedo (Manzanillo),Dominican Republic,DOM
port1042,Haina,Dominican Republic,DOM
port642,Les Sables D' Olonne,France,FRA
port1313,Toros Gubre,Türkiye,TUR
port663,Lorient,France,FRA
port1055,Puerto Plata,Dominican Republic,DOM
port1210,Solvesborg,Sweden,SWE
port80,Augusta,Italy,ITA
port1227,Stenungsund,Sweden,SWE
port1147,San Pedro De Macoris,Dominican Republic,DOM
port1322,Trondheim,Norway,NOR
port1228,Stockholm,Sweden,SWE
port1096,Rethymnon,Greece,GRC
port712,Marseilles,France,FRA
port1212,Souda (Chania),Greece,GRC
port1158,Santo Domingo,Dominican Republic,DOM
port467,Hirtshals,Denmark,DNK
port1293,Thessaloniki,Greece,GRC
port765,Montoir,France,FRA
port1230,Stora Jatterson,Sweden,SWE
port1316,Trabzon,Türkiye,TUR
port1235,Sundsvall,Sweden,SWE
port1406,Yakacik,Türkiye,TUR
port1317,Trelleborg,Sweden,SWE
port1407,Yalova,Türkiye,TUR
port1339,Umea Hamn,Sweden,SWE
port1323,Tsingeli,Greece,GRC
port1353,Varberg,Sweden,SWE
port1430,Zonguldak,Türkiye,TUR
port52,Anguilla,Anguilla,AIA
port918,Point Murat,Australia,AUS
port84,Bristol,United Kingdom,GBR
port1257,Talara,Peru,PER
port47,Anacortes,Canada,CAN
port924,Ponta Delgada,Portugal,PRT
port119,Bari,Italy,ITA
port967,Port Manatee,United States,USA
port1364,Vikanes,Norway,NOR
port479,Horten,Norway,NOR
port470,Hobro,Denmark,DNK
port31,Algeciras,Spain,ESP
port173,Brindisi,Italy,ITA
port121,Barry,United Kingdom,GBR
port532,Kalundborg,Denmark,DNK
port94,Baie De Kouaoua,New Caledonia,NCL
port34,Alicante,Spain,ESP
port141,Belfast,United Kingdom,GBR
port203,Cagliari,Italy,ITA
port582,Copenhagen,Denmark,DNK
port97,Baie Ugue,New Caledonia,NCL
port35,Almeria,Spain,ESP
port160,Boston,United Kingdom,GBR
port222,Catania,Italy,ITA
port585,Koge,Denmark,DNK
port56,Antofagasta,Chile,CHL
port1356,Vasteras,Sweden,SWE
port1373,Volos,Greece,GRC
port37,Port of Alotau,Papua New Guinea,PNG
port247,Civitavecchia,Italy,ITA
port403,Gomen,New Caledonia,NCL
port384,Gela,Italy,ITA
port69,Arrecife,Spain,ESP
port588,Kolding,Denmark,DNK
port217,Cardiff,United Kingdom,GBR
port387,Genova,Italy,ITA
port837,Nyborg,Denmark,DNK
port83,Aviles,Spain,ESP
port806,Nepoui,New Caledonia,NCL
port234,Chatham,United Kingdom,GBR
port395,Gioia Tauro,Italy,ITA
port842,Odense,Denmark,DNK
port118,Barcelona,Spain,ESP
port832,Noumea,New Caledonia,NCL
port870,Paagoumene,New Caledonia,NCL
port301,Dover,United Kingdom,GBR
port622,La Spezia,Italy,ITA
port201,Cadiz,Spain,ESP
port1085,Randers,Denmark,DNK
port1372,Voh,New Caledonia,NCL
port219,Cartagena,Spain,ESP
port337,Falmouth Harbour,United Kingdom,GBR
port655,Livorno,Italy,ITA
port1204,Skagen,Denmark,DNK
port95,Marigot,Saint Martin,MAF
port267,Ceuta,Spain,ESP
port342,Fawley,United Kingdom,GBR
port706,Marina Di Carrara,Italy,ITA
port1296,Thyboron,Denmark,DNK
port99,Bakar,Croatia,HRV
port2,Aberdeen,United States,USA
port343,Felixstowe,United Kingdom,GBR
port739,Milazzo,Italy,ITA
port849,Omisalj,Croatia,HRV
port48,Anchorage,United States,USA
port317,Castellon,Spain,ESP
port758,Monfalcone,Italy,ITA
port912,Ploce,Croatia,HRV
port346,Finnart Oil Terminal,United Kingdom,GBR
port103,Baltimore,United States,USA
port344,Ferrol,Spain,ESP
port761,Monopoli,Italy,ITA
port1101,Rijeka,Croatia,HRV
port376,Garston,United Kingdom,GBR
port399,Glasgow,United Kingdom,GBR
port117,Barbor's Point,United States,USA
port394,Gijon,Spain,ESP
port795,Napoli,Italy,ITA
port1218,Split,Croatia,HRV
port404,Goole,United Kingdom,GBR
port126,Baton Rouge,United States,USA
port848,Olbia,Italy,ITA
port483,Huelva,Spain,ESP
port100,Baku Port,Azerbaijan,AZE
port415,Grangemouth,United Kingdom,GBR
port130,Bay City,United States,USA
port861,Ortona,Italy,ITA
port617,La Coruna,Spain,ESP
port111,Bangkok,Thailand,THA
port701,Map Ta Phut,Thailand,THA
port416,Gravesend,United Kingdom,GBR
port134,Beaumont,United States,USA
port1003,Chioggia,Italy,ITA
port635,Las Palmas (de Gran Canaria),Spain,ESP
port417,Great Yarmouth,United Kingdom,GBR
port904,Phuket,Thailand,THA
port143,Bellingham,United States,USA
port1004,Ravenna,Italy,ITA
port953,Port Giles,Australia,AUS
port186,Buka,Papua New Guinea,PNG
port279,Daru,Papua New Guinea,PNG
port553,Kavieng Harbor,Papua New Guinea,PNG
port565,Kieta,Papua New Guinea,PNG
port569,Kimbe,Papua New Guinea,PNG
port624,Lae,Papua New Guinea,PNG
port676,Madang,Papua New Guinea,PNG
port860,Oro Bay,Papua New Guinea,PNG
port970,Port Moresby,Papua New Guinea,PNG
port1066,Put Put,Papua New Guinea,PNG
port1080,Rabaul,Papua New Guinea,PNG
port1352,Vanimo,Papua New Guinea,PNG
port1392,Wewak Harbor,Papua New Guinea,PNG
port41,Amamapare,Indonesia,IDN
port42,Port Ambon,Indonesia,IDN
port44,Ampenan,Indonesia,IDN
port77,Atapupu,Indonesia,IDN
port102,Balikpapan,Indonesia,IDN
port112,Banjarmasin,Indonesia,IDN
port114,Banten,Indonesia,IDN
port128,Baubau,Indonesia,IDN
port14,Akita,Japan,JPN
port15,Ako,Japan,JPN
port40,Amagasaki,Japan,JPN
port59,Aomori,Japan,JPN
port239,Chiba,Japan,JPN
port363,Fukui,Japan,JPN
port364,Fukuyama Kagoshima,Japan,JPN
port365,Funabashi,Japan,JPN
port369,Fushikitoyama,Japan,JPN
port433,Hachinohe,Japan,JPN
port439,Hakata,Japan,JPN
port440,Hakodate,Japan,JPN
port828,El Sokhna,Egypt,EGY
port445,Hamada,Japan,JPN
port1271,Tanjung Sekong,Indonesia,IDN
port24,Jubail,Saudi Arabia,SAU
port452,Hannan,Japan,JPN
port28,Albany,Australia,AUS
port463,Higashiharima,Japan,JPN
port634,Larvik,Norway,NOR
port1283,Temryuk,Russian Federation,RUS
port1272,Tanjung Redeb,Indonesia,IDN
port275,Dammam,Saudi Arabia,SAU
port161,Port Botany,Australia,AUS
port465,Himeji,Japan,JPN
port1326,Tuapse,Russian Federation,RUS
port1273,Tanjunguban,Indonesia,IDN
port304,Duba,Saudi Arabia,SAU
port174,Brisbane,Australia,AUS
port12,Aiyion,Greece,GRC
port999,Leixoes,Portugal,PRT
port466,Hiroshima,Japan,JPN
port468,Hitachi,Japan,JPN
port471,Hofu,Japan,JPN
port472,Himekawa,Japan,JPN
port480,Hososhima,Japan,JPN
port490,Imabari,Japan,JPN
port501,Ishikari Bay New Port,Japan,JPN
port502,Ishinomaki,Japan,JPN
port508,Iwakuni,Japan,JPN
port528,Kagoshima,Japan,JPN
port533,Kamaishi,Japan,JPN
port537,Kanazawa,Japan,JPN
port538,Kanda Fukuoka,Japan,JPN
port545,Karatsu,Japan,JPN
port548,Kashima Ibaraki,Japan,JPN
port555,Kawasaki,Japan,JPN
port566,Kiire,Japan,JPN
port567,Kikuma,Japan,JPN
port575,Kinuura,Japan,JPN
port578,Kisarazu,Japan,JPN
port581,Kobe,Japan,JPN
port584,Kochi,Japan,JPN
port589,Komatsushima,Japan,JPN
port605,Kudamatsu,Japan,JPN
port610,Kure Hiroshima,Japan,JPN
port611,Kushiro,Japan,JPN
port682,Maizuru,Japan,JPN
port714,Marugame,Japan,JPN
port719,Matsusaka,Japan,JPN
port720,Matsuyama,Japan,JPN
port738,Mikawa,Japan,JPN
port749,Mishima Kawanoe,Japan,JPN
port752,Mizushima,Japan,JPN
port780,Muroran,Japan,JPN
port785,Nagasaki,Japan,JPN
port786,Nagoya Aichi,Japan,JPN
port790,Nanao,Japan,JPN
port793,Naoetsu,Japan,JPN
port822,Niigata,Japan,JPN
port823,Niihama,Japan,JPN
port829,Noshiro,Japan,JPN
port844,Ofunato,Japan,JPN
port846,Oita,Japan,JPN
port850,Onahama,Japan,JPN
port852,Onoda,Japan,JPN
port853,OnomichiItozaki,Japan,JPN
port862,Osaka,Japan,JPN
port866,Otaru,Japan,JPN
port1116,Rumoi,Japan,JPN
port1119,Saganoseki,Japan,JPN
port1127,Sakai,Japan,JPN
port1128,Sakaisenboku,Japan,JPN
port1129,Sakaide,Japan,JPN
port1130,Sakato,Japan,JPN
port1180,Sendaishiogama,Japan,JPN
port1190,Shibushi,Japan,JPN
port1193,Shimizu,Japan,JPN
port1239,Susaki,Japan,JPN
port1247,Tachibana,Japan,JPN
port1250,Tagonoura,Japan,JPN
port1254,Takamatsu,Japan,JPN
port1256,Takuma,Japan,JPN
port1303,Tokachi,Japan,JPN
port1304,Tokuyama,Japan,JPN
port1305,Tokyo,Japan,JPN
port1308,Tomakomai,Japan,JPN
port1324,Tsukumi,Japan,JPN
port686,Malaga,Spain,ESP
port200,Cabedelo,Brazil,BRA
port66,Argentia,Canada,CAN
port382,Gebig,Brazil,BRA
port405,Goose Bay,Canada,CAN
port1024,Providence,United States,USA
port993,Portland,United States,USA
port244,Cienfuegos,Cuba,CUB
port1018,Praia da Vitoria,Portugal,PRT
port422,Guaiba Island Terminal,Brazil,BRA
port955,Port Hedland,Australia,AUS
port547,Karsto,Norway,NOR
port492,Imbituba,Brazil,BRA
port692,Maloy,Norway,NOR
port93,Baie Comeau,Canada,CAN
port505,Itajai,Brazil,BRA
port995,"Portland, ME",United States,USA
port506,Itaqui,Brazil,BRA
port929,Port Adelaide,Australia,AUS
port673,Macae,Brazil,BRA
port211,Canaport (St. John),Canada,CAN
port443,Halifax,Canada,CAN
port677,Madre De Deus,Brazil,BRA
port1184,Setubal,Portugal,PRT
port1115,Rouge River,United States,USA
port693,Manaus,Brazil,BRA
port600,Kristiansand,Norway,NOR
port704,Mariel,Cuba,CUB
port799,Natal,Brazil,BRA
port885,Paranagua,Brazil,BRA
port941,Port De Aracaju,Brazil,BRA
port944,Port De Salvador,Brazil,BRA
port997,Porto Alegre,Brazil,BRA
port1000,Porto De Maceio,Brazil,BRA
port1001,Porto De Mucuripe,Brazil,BRA
port1002,Porto De Suape,Brazil,BRA
port1010,Porto Pecem,Brazil,BRA
port1012,Portocel,Brazil,BRA
port1094,Recife,Brazil,BRA
port1103,Rio De Janeiro,Brazil,BRA
port1104,Rio Grande,Brazil,BRA
port1160,Santos,Brazil,BRA
port1161,Sao Francisco,Brazil,BRA
port421,Grimsby,United Kingdom,GBR
port1162,Sao Sebastiao,Brazil,BRA
port1328,Tubarao,Brazil,BRA
port1368,Vitoria,Brazil,BRA
port63,Arawak,Barbados,BRB
port171,Bridgetown,Barbados,BRB
port68,Arkhangelsk,Russian Federation,RUS
port76,Astrakhan Port,Russian Federation,RUS
port104,Baltiysk,Russian Federation,RUS
port187,Vanino,Russian Federation,RUS
port283,De Kastri,Russian Federation,RUS
port308,Dudinka,Russian Federation,RUS
port378,Vysotsk,Russian Federation,RUS
port509,Izhevskoye,Russian Federation,RUS
port530,Kaliningrad,Russian Federation,RUS
port539,Kandalaksha,Russian Federation,RUS
port554,Kavkaz Oil Terminal,Russian Federation,RUS
port590,Kondopoga,Russian Federation,RUS
port594,Korsakov,Russian Federation,RUS
port684,Makhachkala,Russian Federation,RUS
port779,Murmansk,Russian Federation,RUS
port787,Nakhodka,Russian Federation,RUS
port833,Novorossiysk,Russian Federation,RUS
port978,Taman,Russian Federation,RUS
port1020,Primorsk,Russian Federation,RUS
port1095,Ust-Luga,Russian Federation,RUS
port1112,Rostov-Na-Donu,Russian Federation,RUS
port1150,Saint Petersburg,Russian Federation,RUS
port1186,Shala Pristan,Russian Federation,RUS
port876,Palm Beach,United States,USA
port318,El Guamache,Venezuela,VEN
port1299,Timaru,New Zealand,NZL
port302,Drammen,Norway,NOR
port879,Panama City,United States,USA
port453,Harbor Yeweiju,China,CHN
port320,El Palito,Venezuela,VEN
port1388,Wellington,New Zealand,NZL
port888,Pascagoula,United States,USA
port347,Finnsnes,Norway,NOR
port484,Huizhou,China,CHN
port524,Jose Terminal,Venezuela,VEN
port1393,Whangerei,New Zealand,NZL
port901,Philadelphia,United States,USA
port348,Flekkefjord,Norway,NOR
port517,Jiangyin,China,CHN
port618,La Guaira,Venezuela,VEN
port81,Avatiu,Cook Islands,COK
port349,Floro,Norway,NOR
port920,"Richmond, CA",United States,USA
port521,Jinzhou Wan,China,CHN
port703,Maracaibo,Venezuela,VEN
port82,Aveiro,Portugal,PRT
port932,Port Aransas,United States,USA
port356,Fredrikstad,Norway,NOR
port632,Lanqiao Port,China,CHN
port878,Palua,Venezuela,VEN
port345,Figueira Da Foz,Portugal,PRT
port933,Port Arthur,United States,USA
port400,Glomfjord,Norway,NOR
port644,Lianyungang,China,CHN
port1029,Puerto Cabello,Venezuela,VEN
port951,Port Everglades,United States,USA
port367,Funchal,Portugal,PRT
port441,Halden,Norway,NOR
port661,Longkou Gang,China,CHN
port1049,Puerto La Cruz,Venezuela,VEN
port956,Port Hueneme,United States,USA
port478,Horta,Portugal,PRT
port1051,Puerto Miranda,Venezuela,VEN
port449,Hammerfest,Norway,NOR
port662,Longyan Port,China,CHN
port963,Port Lavaca,United States,USA
port653,Lisbon,Portugal,PRT
port1063,Punta Cardon,Venezuela,VEN
port456,Haroysundet,Norway,NOR
port792,Nantong,China,CHN
port824,Ningbo,China,CHN
port89,Bahia De Valparaiso,Chile,CHL
port90,Bahia Quintero (Ventanas),Chile,CHL
port92,San Vicente,Chile,CHL
port208,Caleta Patillos,Chile,CHL
port263,Coronel,Chile,CHL
port499,Iquique,Chile,CHL
port652,Lirquen,Chile,CHL
port728,Mejillones,Chile,CHL
port1031,Puerto Caldera,Chile,CHL
port1034,Puerto Chanaral,Chile,CHL
port1053,Puerto Montt,Chile,CHL
port1058,Puerto San Antonio,Chile,CHL
port1082,Rada De Arica,Chile,CHL
port1302,Tocopilla,Chile,CHL
port1432,Punta Arenas,Chile,CHL
port57,Antwerp,Belgium,BEL
port178,Bruges,Belgium,BEL
port393,Ghent,Belgium,BEL
port930,Port Alma,Australia,AUS
port996,Portmouth,United States,USA
port236,Cherry Point,Canada,CAN
port1200,Sines,Portugal,PRT
port855,Oostende,Belgium,BEL
port1093,Rayong,Thailand,THA
port1424,Zeebrugge,Belgium,BEL
port601,Kristiansund,Norway,NOR
port144,Benicia,United States,USA
port60,Apia,Samoa,WSM
port1005,Porto Di Lido-Venezia,Italy,ITA
port937,Port Bonython,Australia,AUS
port61,Apra Harbor,Guam,GUM
port75,Aspropyrgos,Greece,GRC
port959,Port Kembla,Australia,AUS
port1019,Presque Isle,United States,USA
port62,Aratu,Brazil,BRA
port322,Eleusis,Greece,GRC
port705,Marin,Spain,ESP
port248,Clarkson,Canada,CAN
port500,Heraklion,Greece,GRC
port1197,Laem Chabang,Thailand,THA
port140,Belem,Brazil,BRA
port86,La Habana,Cuba,CUB
port166,Brasil Port,Brazil,BRA
port139,Belawan,Indonesia,IDN
port552,Kavala,Greece,GRC
port718,Matanzas,Cuba,CUB
port940,Bell Bay,Australia,AUS
port145,Benoa,Indonesia,IDN
port462,Heysham,United Kingdom,GBR
port708,Markenes,Norway,NOR
port159,Boston,United States,USA
port630,Lakselv,Norway,NOR
port447,Hamilton,Canada,CAN
port1006,Malamocco,Italy,ITA
port845,Agioi Oil Terminal,Greece,GRC
port151,Bitung,Indonesia,IDN
port256,Whiffen Head,Canada,CAN
port772,Motril,Spain,ESP
port1021,Prince Rupert,Canada,CAN
port152,Blanglancang,Indonesia,IDN
port1211,Songkhla,Thailand,THA
port1140,San Diego,United States,USA
port859,Ormos Aliveriou,Greece,GRC
port223,Moa,Cuba,CUB
port156,Bontang LNG Terminal,Indonesia,IDN
port493,Immingham,United Kingdom,GBR
port889,Patras,Greece,GRC
port245,Cilacap,Indonesia,IDN
port1007,Oristano,Italy,ITA
port962,Port Latta,Australia,AUS
port908,Piraeus,Greece,GRC
port246,Cirebon,Indonesia,IDN
port170,Bridgeport,United States,USA
port297,Donggala,Indonesia,IDN
port1038,Bilbao,Spain,ESP
port309,Dumai,Indonesia,IDN
port835,Nuevitas Bay,Cuba,CUB
port1288,Thathong,Thailand,THA
port325,Ende,Indonesia,IDN
port455,Harmac,Canada,CAN
port498,Ipswich,United Kingdom,GBR
port407,Gorontalo,Indonesia,IDN
port753,Mo i Rana,Norway,NOR
port1008,Palermo,Italy,ITA
port420,Gresik,Indonesia,IDN
port1141,San Francisco,United States,USA
port177,Brownsville,United States,USA
port1039,Carboneras,Spain,ESP
port1041,Garrucha,Spain,ESP
port113,Banjul,The Gambia,GMB
port507,Inverness,United Kingdom,GBR
port1011,Porto Torres,Italy,ITA
port180,Brunswick,United States,USA
port115,Bizerta,Tunisia,TUN
port1044,Pasajes,Spain,ESP
port571,King's Lynn,United Kingdom,GBR
port185,Buffington,United States,USA
port371,Gabes,Tunisia,TUN
port1046,Puerto Del Rosario,Spain,ESP
port573,Hull,United Kingdom,GBR
port195,Burns Harbor,United States,USA
port964,Port Lincoln,Australia,AUS
port496,Indonesia Morowali Industrial Park,Indonesia,IDN
port1156,Santiago De Cuba,Cuba,CUB
port733,Sfax,Tunisia,TUN
port615,La Baie (Port Alfred),Canada,CAN
port514,Tanjung Priok,Indonesia,IDN
port639,Leith,United Kingdom,GBR
port760,Mongstad,Norway,NOR
port495,Indiana Harbor,United States,USA
port1120,Sagunto,Spain,ESP
port1149,Sandusky,United States,USA
port516,Jayapura,Indonesia,IDN
port209,Calumet Harbor,United States,USA
port974,Port Pirie,Australia,AUS
port549,Kasim Terminal,Indonesia,IDN
port1206,Skhira,Tunisia,TUN
port87,Bahia De Las Minas,Panama,PAN
port558,Kendari,Indonesia,IDN
port595,Kota Baru,Indonesia,IDN
port609,Kupang,Indonesia,IDN
port614,LNG Tangguh,Indonesia,IDN
port625,Lafarge,Indonesia,IDN
port651,Lingkas,Indonesia,IDN
port696,Manokwari Road,Indonesia,IDN
port722,Maumere,Indonesia,IDN
port731,Merak Mas Terminal,Indonesia,IDN
port732,Merauke,Indonesia,IDN
port869,PLTU Semen Tonasa,Indonesia,IDN
port875,Palembang,Indonesia,IDN
port881,Panjang,Indonesia,IDN
port886,Parepare,Indonesia,IDN
port893,Pelabuhan Tanjung Wangi,Indonesia,IDN
port894,PelabuhanRatuCoalPowerPlant,Indonesia,IDN
port923,Pomalaa,Indonesia,IDN
port925,Pontianak,Indonesia,IDN
port1022,Probolinggo,Indonesia,IDN
port1061,Pulau Baai,Indonesia,IDN
port1137,Samarinda,Indonesia,IDN
port1138,Sampit,Indonesia,IDN
port1178,Sekupang,Indonesia,IDN
port1179,Semarang,Indonesia,IDN
port123,Basuo,China,CHN
port204,Cairns,Australia,AUS
port133,Bayuquan,China,CHN
port1337,Uleelheue,Indonesia,IDN
port1413,Yeysk,Russian Federation,RUS
port136,Beihai,China,CHN
port276,Dampier,Australia,AUS
port519,Shoaiba,Saudi Arabia,SAU
port1377,Waingapu,Indonesia,IDN
port513,Jacksonville,United States,USA
port154,Bohai Bay,China,CHN
port73,Ashdod,Israel,ISR
port280,Darwin,Australia,AUS
port526,Juaymah,Saudi Arabia,SAU
port43,Amirabad Port,Iran,IRN
port74,Ashkelon,Israel,ISR
port629,Lake Charles,United States,USA
port227,Changshu,China,CHN
port570,King Fahd Port,Saudi Arabia,SAU
port288,Devonport,Australia,AUS
port58,Anzali,Iran,IRN
port331,Esperance,Australia,AUS
port664,Los Angeles-Long Beach,United States,USA
port1081,Rabigh,Saudi Arabia,SAU
port228,Changzhou,China,CHN
port105,Bandar-E Pars Terminal,Iran,IRN
port361,Fremantle,Australia,AUS
port695,Manitowoc,United States,USA
port1088,Ras Al Mishab,Saudi Arabia,SAU
port229,Chaozhou,China,CHN
port106,Bandar Shahid Rajaee,Iran,IRN
port383,Geelong,Australia,AUS
port435,Haifa,Israel,ISR
port730,Menominee,United States,USA
port1089,Ras Al-Khair,Saudi Arabia,SAU
port1013,Piombino,Italy,ITA
port242,Chiwan,China,CHN
port391,Geraldton,Australia,AUS
port1091,Ras Tanura,Saudi Arabia,SAU
port107,Bandar Abbas,Iran,IRN
port882,Papeete,French Polynesia,PYF
port736,Miami,United States,USA
port273,Dalian,China,CHN
port1017,Pozzuoli,Italy,ITA
port398,Gladstone,Australia,AUS
port1408,Yanbu,Saudi Arabia,SAU
port108,Bandar Khomeini,Iran,IRN
port742,Milwaukee,United States,USA
port1083,Vado Ligure,Italy,ITA
port1344,Uturoa,French Polynesia,PYF
port25,Shuwaikh,Kuwait,KWT
port196,Bushehr,Iran,IRN
port406,Gorgon LNG,Australia,AUS
port277,Dandong,China,CHN
port79,Auckland,New Zealand,NZL
port226,Chabahar,Iran,IRN
port411,Gove,Australia,AUS
port1135,Salerno,Italy,ITA
port754,Mobile,United States,USA
port1170,Savannah,United States,USA
port766,Montreal,Canada,CAN
port981,Port Walcott,Australia,AUS
port789,Namsos,Norway,NOR
port101,Balboa,Panama,PAN
port992,Portland,Australia,AUS
port1174,Searsport,United States,USA
port814,New Westminster,Canada,CAN
port796,Narvik,Norway,NOR
port230,Charco Azul,Panama,PAN
port1243,Sydney,Australia,AUS
port1175,Seattle,United States,USA
port931,Port Angeles,Canada,CAN
port841,Odda,Norway,NOR
port240,Chiriqui Grande,Panama,PAN
port1214,South Louisiana,United States,USA
port935,Channel-Port aux Basques,Canada,CAN
port1294,Thevenard,Australia,AUS
port936,Bayside Charlotte,Canada,CAN
port1229,Stockton,United States,USA
port700,Manzanillo,Panama,PAN
port1315,Townsville,Australia,AUS
port938,Port Cartier,Canada,CAN
port864,Oslo,Norway,NOR
port1236,Duluth,United States,USA
port1035,Colon,Panama,PAN
port1380,Wallaroo,Australia,AUS
port946,Port Dover,Canada,CAN
port1241,Swanport,United States,USA
port928,Porsgrunn,Norway,NOR
port1037,Puerto Cristobal,Panama,PAN
port1387,Weipa,Australia,AUS
port1075,Quebec,Canada,CAN
port1391,Western Port,Australia,AUS
port1107,Rorvik,Norway,NOR
port1245,Sydney,United States,USA
port88,Bahia De Matarani,Peru,PER
port1166,Sarnia,Canada,CAN
port1395,Whyalla,Australia,AUS
port1148,Sandnessjoen,Norway,NOR
port1248,Tacoma,United States,USA
port91,Bahia San Nicolas,Peru,PER
port1181,Sept Iles,Canada,CAN
port1169,Sauda,Norway,NOR
port1,Aabenraa,Denmark,DNK
port1259,Tampa,United States,USA
port259,Conchan Oil Terminal,Peru,PER
port1219,Saint John,Canada,CAN
port29,Aalborg,Denmark,DNK
port1285,Texas City,United States,USA
port873,Paita,Peru,PER
port1208,Slagentangen,Norway,NOR
port1220,Saint John's,Canada,CAN
port67,Aarhus,Denmark,DNK
port1306,Toledo,United States,USA
port1026,Puerto Bayovar,Peru,PER
port1225,Stavanger,Norway,NOR
port1295,Thunder Bay,Canada,CAN
port1333,Two Harbors,United States,USA
port328,Esbjerg,Denmark,DNK
port1312,Toronto,Canada,CAN
port1226,Steinkjer,Norway,NOR
port1040,Puerto De Chimbote,Peru,PER
port1231,Stura,Norway,NOR
port354,Fredericia,Denmark,DNK
port1351,Vancouver,United States,USA
port1320,Trois Rivieres,Canada,CAN
port1045,Puerto Del Callao,Peru,PER
port1263,Tananger,Norway,NOR
port355,Frederikshavn,Denmark,DNK
port1398,"Wilmington, DE",United States,USA
port1350,Vancouver,Canada,CAN
port1047,Puerto Ilo,Peru,PER
port654,Liverpool,United Kingdom,GBR
port1152,Santa Cruz De La Palma,Spain,ESP
port212,Canaveral Harbor,United States,USA
port1213,Sousse,Tunisia,TUN
port658,London,United Kingdom,GBR
port1153,Santa Cruz De Tenerife,Spain,ESP
port231,Charleston,United States,USA
port1329,Tunis,Tunisia,TUN
port659,London Gateway,United Kingdom,GBR
port1155,Santander,Spain,ESP
port1423,Zarzis,Tunisia,TUN
port237,Chester,United States,USA
port116,Bar,Montenegro,MNE
port660,Londonderry,United Kingdom,GBR
port1185,Sevilla,Spain,ESP
port120,Barranquilla,Colombia,COL
port249,Cleveland,United States,USA
port726,Medway,United Kingdom,GBR
port1277,Tarragona,Spain,ESP
port183,Buenaventura,Colombia,COL
port264,Corpus Christi,United States,USA
port727,Medway City,United Kingdom,GBR
port1314,Torrevieja,Spain,ESP
port218,Cartagena,Colombia,COL
port282,Davisville Depot,United States,USA
port740,Milford Haven,United Kingdom,GBR
port1348,Valencia,Spain,ESP
port266,Covenas Offshore Term.,Colombia,COL
port314,EL Segundo,United States,USA
port1363,Vigo,Spain,ESP
port810,New Holland,United Kingdom,GBR
port1027,Puerto Bolivar,Colombia,COL
port324,Empire,United States,USA
port1365,Villagarcia De Arosa,Spain,ESP
port817,Newport,United Kingdom,GBR
port1054,Puerto Nuevo,Colombia,COL
port333,Everett,United States,USA
port899,Peterhead,United Kingdom,GBR
port1154,Santa Marta,Colombia,COL
port352,Fourchon,United States,USA
port122,Basseterre,St.  Kitts and Nevis,KNA
port914,Plymouth,United Kingdom,GBR
port358,Freeport,United States,USA
port232,Charlestown,St.  Kitts and Nevis,KNA
port926,Poole,United Kingdom,GBR
port373,Galveston,United States,USA
port994,Portland Harbour,United Kingdom,GBR
port377,Gary,United States,USA
port1014,Portsmouth Harbour,United Kingdom,GBR
port1194,Shoreham Harbour,United Kingdom,GBR
port412,Grand Haven,United States,USA
port1216,Southampton,United Kingdom,GBR
port418,Green Bay,United States,USA
port428,Gulfport,United States,USA
port1234,Sunderland,United Kingdom,GBR
port464,Hilo,United States,USA
port476,Honolulu,United States,USA
port1279,Teesport,United Kingdom,GBR
port481,Houston,United States,USA
port1289,Thamesport,United Kingdom,GBR
port1298,Tilbury,United Kingdom,GBR
port213,Dung Quat,Vietnam,VNM
port269,Da Nang,Vietnam,VNM
port434,Hai Phong,Vietnam,VNM
port473,Hon Gai,Vietnam,VNM
port819,Nghe Tinh,Vietnam,VNM
port903,Cai Mep,Vietnam,VNM
port983,Port of Can Tho,Vietnam,VNM
port1078,Quy Nhon,Vietnam,VNM
port1291,Saigon,Vietnam,VNM
port1375,Vung Tau,Vietnam,VNM
port214,Cap Haitien,Haiti,HTI
port934,Port Au Prince,Haiti,HTI
port1346,Vaasa,Finland,FIN
port1125,Saint-Marc,Haiti,HTI
port215,Cape Town,South Africa,ZAF
port1354,Varkaus,Finland,FIN
port311,Durban,South Africa,ZAF
port315,East London,South Africa,ZAF
port948,Port Elizabeth,South Africa,ZAF
port1099,Richards Bay,South Africa,ZAF
port1133,Saldanha Bay,South Africa,ZAF
port221,Castries,St.  Lucia,LCA
port1362,Vieux Fort,St.  Lucia,LCA
port380,Gdansk,Poland,POL
port233,Charlotte Amalie,United States Virgin Islands,VIR
port381,Gdynia,Poland,POL
port1242,Swinoujscie,Poland,POL
port1246,Szczecin,Poland,POL
port649,Limetree Bay,United States Virgin Islands,VIR
port389,Georgetown,Cayman Islands,CYM
port791,Nantes,France,FRA
port238,Keelung,Taiwan Province of China,TWN
port390,Georgetown,Guyana,GUY
port482,Hualien,Taiwan Province of China,TWN
port650,Linden,Guyana,GUY
port820,Nice,France,FRA
port541,Kaohsiung,Taiwan Province of China,TWN
port807,New Amsterdam,Guyana,GUY
port939,Ajaccio,France,FRA
port681,Mailiao,Taiwan Province of China,TWN
port942,Caen,France,FRA
port475,Honiara,Solomon Islands,SLB
port958,Port Jerome,France,FRA
port1252,Taichung,Taiwan Province of China,TWN
port724,Mbulo,Solomon Islands,SLB
port976,Port Saint Louis Du Rhone,France,FRA
port1261,Taipei,Taiwan Province of China,TWN
port802,Ndora,Solomon Islands,SLB
port985,Le Havre,France,FRA
port241,Chittagong,Bangladesh,BGD
port972,Noro,Solomon Islands,SLB
port986,Rouen,France,FRA
port289,Dhaka,Bangladesh,BGD
port1176,Seghe,Solomon Islands,SLB
port990,Port-De-Bouc,France,FRA
port759,Mongla,Bangladesh,BGD
port402,Golfito,Costa Rica,CRI
port991,Port-La-Nouvelle,France,FRA
port1032,Puerto Caldera,Costa Rica,CRI
port890,Payra,Bangladesh,BGD
port1052,Puerto Moin,Costa Rica,CRI
port1084,Brest,France,FRA
port598,Kralendijk,"Bonaire,  Saint Eustatius and Saba",BES
port574,Kingstown,St.  Vincent and the Grenadines,VCT
port857,Oranjestad,"Bonaire,  Saint Eustatius and Saba",BES
port1124,Saint-Malo,France,FRA
port414,Grand Turk,Turks and Caicos Islands,TCA
port251,Clifton Pier,The Bahamas,BHS
port1183,Sete,France,FRA
port1025,Providenciales,Turks and Caicos Islands,TCA
port357,Freeport,The Bahamas,BHS
port1222,St Nazaire,France,FRA
port430,Gustavia,Saint-Barthélemy,BLM
port388,Georgetown,The Bahamas,BHS
port431,Gwadar,Pakistan,PAK
port132,Beirut,Lebanon,LBN
port721,Matthew Town,The Bahamas,BHS
port543,Karachi,Pakistan,PAK
port1173,Saida,Lebanon,LBN
port798,Nassau,The Bahamas,BHS
port775,Muhammad Bin Qasim,Pakistan,PAK
port1274,Tripoli,Lebanon,LBN
port821,Nicholls Town,The Bahamas,BHS
port474,Hong Kong,Hong Kong SAR,HKG
port135,Berdyansk,Ukraine,UKR
port253,Coles Bay Oil Terminal,Sint Maarten,SXM
port535,Sihanoukville,Cambodia,KHM
port489,Chornomorsk,Ukraine,UKR
port902,Philipsburg,Sint Maarten,SXM
port1203,Sitrah,Bahrain,BHR
port559,Kerch,Ukraine,UKR
port254,Colombo,Sri Lanka,LKA
port631,Lamu,Kenya,KEN
port707,Mariupol,Ukraine,UKR
port678,Hambantota,Sri Lanka,LKA
port757,Mombasa,Kenya,KEN
port782,Mykolaiv,Ukraine,UKR
port1319,Trincomalee,Sri Lanka,LKA
port576,Kiritimati,Kiribati,KIR
port843,Odesa,Ukraine,UKR
port255,Yap,Micronesia,FSM
port1276,Betio (Tarawa),Kiribati,KIR
port1419,Pivdennyi,Ukraine,UKR
port640,Kosrae,Micronesia,FSM
port592,Koper,Slovenia,SVN
port137,Beira,Mozambique,MOZ
port755,Chuuk,Micronesia,FSM
port688,Malakal,Palau,PLW
port702,Maputo,Mozambique,MOZ
port927,Pohnpei,Micronesia,FSM
port671,Lumut,Brunei Darussalam,BRN
port784,Nacala,Mozambique,MOZ
port258,Conakry,Guinea,GIN
port774,Muara Harbor,Brunei Darussalam,BRN
port896,Pemba,Mozambique,MOZ
port536,Kamsar,Guinea,GIN
port607,Kunda,Estonia,EST
port142,Belize City,Belize,BLZ
port260,Constanta,Romania,ROU
port781,Muuga-Port of Tallinn,Estonia,EST
port148,Big Creek,Belize,BLZ
port737,Midia,Romania,ROU
port874,Paldiski,Estonia,EST
port146,Berbera,Somalia,SOM
port261,Corinto,Nicaragua,NIC
port887,Parnu,Estonia,EST
port621,La Plata,Argentina,ARG
port1048,Bahia Blanca,Argentina,ARG
port1050,Puerto Madryn,Argentina,ARG
port1059,Puerto San Martin,Argentina,ARG
port1077,Quequen,Argentina,ARG
port1108,Rosario,Argentina,ARG
port1145,San Nicolas,Argentina,ARG
port1422,Zarate,Argentina,ARG
port189,Bullen Baai,Curaçao,CUW
port216,Caracas Bay,Curaçao,CUW
port1397,Willemstad,Curaçao,CUW
port193,Burgas,Bulgaria,BGR
port1355,Varna,Bulgaria,BGR
port197,Butinge Oil Terminal,Lithuania,LTU
port579,Klaipeda,Lithuania,LTU
port207,Calcutta,India,IND
port235,Chennai (Madras),India,IND
port271,Dahej,India,IND
port290,Dhamra Port,India,IND
port442,Haldia,India,IND
port511,Jaigad Port,India,IND
port529,Kakinada,India,IND
port534,Kamarajar Port,India,IND
port540,Deendayal (Kandla),India,IND
port544,Karaikal,India,IND
port583,Cochin (Kochi),India,IND
port599,Krishnapatnam Port,India,IND
port679,Magdalla,India,IND
port709,Mormugao,India,IND
port776,Mumbai-Jawaharlal Nehru (Nhava Sheva),India,IND
port777,Mundra,India,IND
port801,Navlakhi,India,IND
port811,New Mangalore,India,IND
port883,Paradip,India,IND
port907,Pipavav,India,IND
port1199,Sikka,India,IND
port1331,V. O. Chidambaranar (Tuticorin),India,IND
port1367,Visakhapatnam,India,IND
port988,Port of Sohar,Oman,OMN
port330,Esmeraldas,Ecuador,ECU
port1068,Qalhat LNG Terminal,Oman,OMN
port751,Massawa,Eritrea,ERI
port426,Guayaquil,Ecuador,ECU
port764,Montevideo,Uruguay,URY
port619,La Libertad,Ecuador,ECU
port769,Moroni,Comoros,COM
port697,Manta,Ecuador,ECU
port773,Moutsamoudu,Comoros,COM
port1028,Puerto Bolivar,Ecuador,ECU
port800,Nauru,Nauru,NRU
port803,Neiafu,Tonga,TON
port332,Gibraltar,Gibraltar,GIB
port836,Nuku'alofa,Tonga,TON
port336,Falmouth,Jamaica,JAM
port830,Nouadhibou,Mauritania,MRT
port572,Kingston,Jamaica,JAM
port831,Nouakchott,Mauritania,MRT
port847,Okaram,Turkmenistan,TKM
port763,Montego Bay,Jamaica,JAM
port1330,Turkmenbashi Port,Turkmenistan,TKM
port840,Ocho Rios,Jamaica,JAM
port871,Paarden Baai - (Orangestad),Aruba,ABW
port949,Port Esquivel,Jamaica,JAM
port1202,Sint Nicolaas Baai,Aruba,ABW
port1102,Rio Bueno,Jamaica,JAM
port872,Pago Pago Harbor,American Samoa,ASM
port350,Fort De France,Martinique,MTQ
port877,Palmeira,Cabo Verde,CPV
port360,Freetown,Sierra Leone,SLE
port979,Port Vale Knights,Cabo Verde,CPV
port366,Funafuti,Tuvalu,TUV
port368,Turku,Finland,FIN
port998,Porto Da Praia,Cabo Verde,CPV
port448,Hamina,Finland,FIN
port1009,Porto Grande,Cabo Verde,CPV
port450,Hanko,Finland,FIN
port1131,Sal Rei,Cabo Verde,CPV
port460,Helsinki,Finland,FIN
port884,Paramaribo,Suriname,SUR
port491,Imatra,Finland,FIN
port910,Guayanilla,Puerto Rico,PRI
port497,Inkoo,Finland,FIN
port1060,Puerto Yabucoa,Puerto Rico,PRI
port515,Jakobstad,Finland,FIN
port1143,San Juan,Puerto Rico,PRI
port522,Joensuu,Finland,FIN
port919,Point Noire,Republic of Congo,COG
port922,Pointe A Pitre,Guadeloupe,GLP
port525,Joutseno,Finland,FIN
port950,Port Est,Réunion,REU
port550,Kaskinen,Finland,FIN
port961,Kyaukpyu,Myanmar,MMR
port551,Kaukas,Finland,FIN
port1086,Yangon,Myanmar,MMR
port557,Kemi,Finland,FIN
port965,Port Louis,Mauritius,MUS
port586,Kokkala,Finland,FIN
port977,Port Sudan,Sudan,SDN
port597,Kotka,Finland,FIN
port1172,Suakin,Sudan,SDN
port698,Pori,Finland,FIN
port1057,Puerto Quetzal,Guatemala,GTM
port783,Naantali,Finland,FIN
port1159,Puerto Barrios,Guatemala,GTM
port867,Oulu,Finland,FIN
port1090,Ras Laffan,Qatar,QAT
port1015,Skoldvik,Finland,FIN
port1079,Raahe,Finland,FIN
port1117,Al Ruwais,Qatar,QAT
port1092,Rauma,Finland,FIN
port1342,Doha-Umm Said,Qatar,QAT
port1311,Tornio,Finland,FIN
port1106,Road Harbor,British Virgin Islands,VGB
port1110,Roseau,Dominica,DMA
port1113,Rota,Northern Mariana Islands,MNP
port1126,Saipan,Northern Mariana Islands,MNP
port1300,Tinian,Northern Mariana Islands,MNP
port1163,Sao Tome,São Tomé and Príncipe,STP
port1177,Sekondi,Ghana,GHA
port1255,Takoradi,Ghana,GHA
port1282,Tema,Ghana,GHA
port1182,Serangoon Harbor,Singapore,SGP
port1201,Singapore,Singapore,SGP
port1221,Port of Saint John's,Antigua and Barbuda,ATG
port1223,Saint George's,Grenada,GRD
port1361,Victoria,Seychelles,SYC
port157,Bosaso,Somalia,SOM
port1030,Puerto Cabezas,Nicaragua,NIC
port1258,Tallinn,Estonia,EST
port778,Mogadishu,Somalia,SOM
port262,Cork,Ireland,IRL
port612,Ebeye,Marshall Islands,MHL
port149,Bintulu Port,Malaysia,MYS
port303,Drogheda,Ireland,IRL
port683,Majuro,Marshall Islands,MHL
port523,Johor,Malaysia,MYS
port307,Dublin,Ireland,IRL
port1033,Puerto Castilla,Honduras,HND
port556,Kemaman Harbor,Malaysia,MYS
port353,Shannon Foynes,Ireland,IRL
port577,Kirteh Oil Terminal,Malaysia,MYS
port1036,Puerto Cortes,Honduras,HND
port374,Galway,Ireland,IRL
port596,Kota Kinabalu,Malaysia,MYS
port1043,Puerto De Hencan,Honduras,HND
port648,Limerick,Ireland,IRL
port603,Kuantan New Port,Malaysia,MYS
port636,Lautoka,Fiji,FJI
port1382,Warren Point,United Kingdom,GBR
port604,Kuching,Malaysia,MYS
port643,Levuka,Fiji,FJI
port1384,Waterford,Ireland,IRL
port628,Lahad Datu,Malaysia,MYS
port687,Malau,Fiji,FJI
port265,Cotonou,Benin,BEN
port672,Lumut,Malaysia,MYS
port1240,Suva,Fiji,FJI
port270,Daesan,Korea,KOR
port891,Pelabuhan Sansakan,Malaysia,MYS
port952,Port Gentil,Gabon,GAB
port432,Gwangyang (Kwangyang),Korea,KOR
port892,Pelabuhan Sungai Udang,Malaysia,MYS
port973,Port Owendo,Gabon,GAB
port494,Incheon,Korea,KOR
port945,Port Dickson,Malaysia,MYS
port646,Liepaja,Latvia,LVA
port608,Gunsan,Korea,KOR
port960,Port Klang,Malaysia,MYS
port1100,Riga,Latvia,LVA
port715,Masan,Korea,KOR
port1062,Penang,Malaysia,MYS
port915,Pohang,Korea,KOR
port1357,Ventspils,Latvia,LVA
port1065,Busan,Korea,KOR
port1164,Port of Sabah,Malaysia,MYS
port656,Lobito,Angola,AGO
port1067,Pyeongtaek,Korea,KOR
port1269,Tanjung Pelepas,Malaysia,MYS
port665,Luanda,Angola,AGO
port1309,Donghae,Korea,KOR
port1286,Tg Mani,Malaysia,MYS
port691,Malongo,Angola,AGO
port1338,Ulsan,Korea,KOR
port1360,Victoria,Malaysia,MYS
port788,Namibe,Angola,AGO
port272,Dakar,Senegal,SEN
port150,Bissau,Guinea-Bissau,GNB
port1217,Soyo Angola LNG Terminal,Angola,AGO
port278,Dar Es Salaam,Tanzania,TZA
port155,Bonny,Nigeria,NGA
port657,Lome,Togo,TGO
port1421,Zanzibar,Tanzania,TZA
port205,Calabar,Nigeria,NGA
port668,Luderitz Bay,Namibia,NAM
port284,Degrad Des Cannes,French Guiana,GUF
port587,Koko,Nigeria,NGA
port1381,Walvis Bay,Namibia,NAM
port1123,Saint-Laurent-du-Maroni,French Guiana,GUF
port626,Lagos-Apapa-Tin Can Island,Nigeria,NGA
port669,Luganville (Santo),Vanuatu,VUT
port291,Vassiliko,Cyprus,CYP
port851,Onne,Nigeria,NGA
port980,Port Vila,Vanuatu,VUT
port954,Port Harcourt,Nigeria,NGA
port633,Larnaca,Cyprus,CYP
port1165,Sapele,Nigeria,NGA
port674,Macau,Macao SAR,MAC
port647,Limassol,Cyprus,CYP
port1383,Warri,Nigeria,NGA
port689,Male,Maldives,MDV
port292,Dili,Timor-Leste,TLS
port164,Brades,Montserrat,MSR
port711,Marsaxlokk,Malta,MLT
port461,Hera port,Timor-Leste,TLS
port913,Montserrat,Montserrat,MSR
port1349,Valletta,Malta,MLT
port294,Djibouti,Djibouti,DJI
port165,Brake,Germany,DEU
port299,Douala,Cameroon,CMR
port717,Matadi,Democratic Republic of the Congo,COD
port943,Port De Kribi,Cameroon,CMR
port167,Bremen,Germany,DEU
port745,Port Sultan Qaboos,Oman,OMN
port312,Durres,Albania,ALB
port168,Bremerhaven,Germany,DEU
port746,Salalah,Oman,OMN
port1371,Vlora,Albania,ALB
port179,Brunsbuettel,Germany,DEU
port984,Duqm,Oman,OMN
port982,Port de Longoni,Mayotte,MYT
port268,Cuxhaven,Germany,DEU
port323,Emden,Germany,DEU
port446,Hamburg,Germany,DEU
port485,Husum,Germany,DEU
port564,Kiel,Germany,DEU
port667,Lubeck-Travemunde,Germany,DEU
port1111,Rostock,Germany,DEU
port1168,Sassnitz,Germany,DEU
port1396,Wilhelmshaven,Germany,DEU
port1401,Wismar,Germany,DEU
port172,Brighton,Trinidad and Tobago,TTO
port225,Chaguaramas,Trinidad and Tobago,TTO
port372,Galeota Point Terminal,Trinidad and Tobago,TTO
port916,Point Fortin,Trinidad and Tobago,TTO
port917,Point Lisas,Trinidad and Tobago,TTO
port921,Pointe A Pierre,Trinidad and Tobago,TTO
port989,Port of Spain,Trinidad and Tobago,TTO
port181,Buchanan,Liberia,LBR
port762,Monrovia,Liberia,LBR
port184,Buenos Aires,Argentina,ARG
port210,Campana,Argentina,ARG
port257,Comodoro Rivadavia,Argentina,ARG
port2001,Izmail,Ukraine,UKR
port2002,Reni,Ukraine,UKR
port2003,Olvia,Ukraine,UKR
port2004,Kherson,Ukraine,UKR
port2005,Giurgiulesti Port,Moldova,MDA
port2006,Tulcea,Romania,ROU
port2007,Galati,Romania,ROU
port2008,Romportmet,Romania,ROU
port2009,Braila,Romania,ROU
port2010,Azov,Russian Federation,RUS
port2011,Otago,New Zealand,NZL
port2012,Khalifa Bin Salman,Bahrain,BHR
port2013,Puerto Limon,Costa Rica,CRI
port2014,Holyhead,United Kingdom,GBR
port2015,Trapani,Italy,ITA
port2016,Eilat,Israel,ISR
port2017,Moji,Japan,JPN
port2018,Ronne,Denmark,DNK
port2019,Dongguan,China,CHN
port2020,Nanjing,China,CHN
port2021,Jiaxing,China,CHN
port2022,Rosslare,Ireland,IRL
port2023,Bantry Bay,Ireland,IRL
port2024,Larne,United Kingdom,GBR
port2025,Khalifa Port,United Arab Emirates,ARE
port2026,Hamad Port,Qatar,QAT
port2027,Yangshan,China,CHN
port2028,Mawan,China,CHN
port2029,Dachan Bay,China,CHN
port2030,Qianhai Bay,China,CHN
port2031,King Abdullah Port,Saudi Arabia,SAU
port2032,Posorja,Ecuador,ECU
port2033,Port of Yeosu,Korea,KOR
port2034,Yarimca,Türkiye,TUR
port2035,Itapoa,Brazil,BRA
port2036,Siam Seaport,Thailand,THA
port2037,Diliskelesi,Türkiye,TUR
port2038,Kattupalli,India,IND
port2039,Hazira,India,IND
port2040,Naha,Japan,JPN
port2041,Omaezaki,Japan,JPN
port2042,Chu Lai,Vietnam,VNM
port2043,Borusan,Türkiye,TUR
port2044,El Dekheila,Egypt,EGY
port2045,Porto de Itaguai,Brazil,BRA
port2046,Vila Do Conde,Brazil,BRA
port2047,Rades,Tunisia,TUN
port2048,Almirante,Panama,PAN
port2049,Ambarli,Türkiye,TUR
port2050,Angra Dos Reis,Brazil,BRA
port2051,Cam Pha,Vietnam,VNM
port2052,Cape Flattery,Australia,AUS
port2053,Chicago,United States,USA
port2054,Coquimbo,Chile,CHL
port2055,Iloilo,Philippines,PHL
port2056,Karumba,Australia,AUS
port2057,Hibikinada,Japan,JPN
port2058,Launceston,Australia,AUS
port2059,Melilla,Spain,ESP
port2060,Mina Salman,Bahrain,BHR
port2061,Mourilyan,Australia,AUS
port2062,Nanaimo,Canada,CAN
port2063,Ngqura,South Africa,ZAF
port2064,Nordenham,Germany,DEU
port2065,Okrika,Nigeria,NGA
port2066,Port of Virginia,United States,USA
port2067,Shuaiba,Kuwait,KWT
port2068,Stralsund,Germany,DEU
port2069,Sullom Voe,United Kingdom,GBR
port2070,Wallhamn,Sweden,SWE
port2071,Ust-Danube,Ukraine,UKR
port2072,Port of Skadovsk,Ukraine,UKR
port2073,Kismayo,Somalia,SOM
port2074,Jazan,Saudi Arabia,SAU
port2075,Orkney,United Kingdom,GBR
port2076,Escravos (Oil Terminal),Nigeria,NGA
port2077,Bilhorod-Dnistrovskyi,Ukraine,UKR
port2078,Alexandroupoli,Greece,GRC
port2079,Gizo,Solomon Islands,SLB
port2080,Ringgi,Solomon Islands,SLB
port2081,Savusavu,Fiji,FJI
port2082,Nabouwalu,Fiji,FJI
port2083,Lughughi,Solomon Islands,SLB
port2084,Rennell Island,Solomon Islands,SLB
port2085,Cat Lai (Saigon New Port),Vietnam,VNM
port2086,Cherbourg,France,FRA
port2087,Dundee,United Kingdom,GBR
port2088,Rosyth,United Kingdom,GBR
port2089,Kirkcaldy,United Kingdom,GBR
port2090,Burntisland,United Kingdom,GBR
port2091,Methil,United Kingdom,GBR
port2097,South Riding Point,The Bahamas,BHS
port2133,Sillamae,Estonia,EST
port2216,Petropavlovsk-Kamchatskiy,Russian Federation,RUS
port2212,Ponce,Puerto Rico,PRI
port2231,Tanga,Tanzania,TZA
port2217,Ras Al Khafji,Saudi Arabia,SAU
port2126,La Romana,Dominican Republic,DOM
port2250,Key West,United States,USA
port2104,Charlottetown,Canada,CAN
port2123,Pula,Croatia,HRV
port2122,Zadar,Croatia,HRV
port2211,Porto Santo,Portugal,PRT
port2220,Mossel Bay,South Africa,ZAF
port2175,Sasebo,Japan,JPN
port2096,Wyndham,Australia,AUS
port2106,Talcahuano,Chile,CHL
port2198,Haugesund,Norway,NOR
port2197,Honningsvag,Norway,NOR
port2199,Kirkenes,Norway,NOR
port2213,Mangalia,Romania,ROU
port2235,Zirku Island,United Arab Emirates,ARE
port2129,Sidi Kerir,Egypt,EGY
port2092,Romano,Albania,ALB
port2093,Rosales,Argentina,ARG
port2094,Punta Loyola,Argentina,ARG
port2095,Del Guazu,Argentina,ARG
port2259,Fray Bentos,Uruguay,URY
port2257,Punta Pereira,Uruguay,URY
port2258,Nueva Palmira,Uruguay,URY
port2098,Guamare,Brazil,BRA
port2099,Itacoatiara,Brazil,BRA
port2100,Limboh,Cameroon,CMR
port2101,Point Tupper,Canada,CAN
port2102,Lewisporte,Canada,CAN
port2103,Gaspe,Canada,CAN
port2105,Holyrood,Canada,CAN
port2107,Guayacan,Chile,CHL
port2110,Pulandian,China,CHN
port2111,Qushan Island,China,CHN
port2112,Zhuhai,China,CHN
port2113,Gulei,China,CHN
port2114,Guangao,China,CHN
port2115,Luanjiakou,China,CHN
port2116,Dafeng,China,CHN
port2117,Lushun,China,CHN
port2118,Luoyuan,China,CHN
port2119,Tumaco,Colombia,COL
port2120,Banana,Democratic Republic of the Congo,COD
port2121,Punta Morales,Costa Rica,CRI
port2124,Dhekelia,Cyprus,CYP
port2125,Stigsnaes,Denmark,DNK
port2127,Barahona,Dominican Republic,DOM
port2128,Puerto Viejo,Dominican Republic,DOM
port2130,Ras Gharib,Egypt,EGY
port2131,Zeit Bay,Egypt,EGY
port2132,Ras Shukheir,Egypt,EGY
port2134,Runavik,Faroe Islands,FRO
port2135,Fuglafjordur,Faroe Islands,FRO
port2136,Berre,France,FRA
port2137,Antifer,France,FRA
port2138,Gamba,Gabon,GAB
port2139,Supsa,Georgia,GEO
port2140,Stade,Germany,DEU
port2148,Hvalfjordur,Iceland,ISL
port2149,Helguvik,Iceland,ISL
port2150,Vizhinjam,India,IND
port2151,Karwar,India,IND
port2152,Port Blair,India,IND
port2164,Kharg Island,Iran,IRN
port2165,Lavan,Iran,IRN
port2166,Tarbert,Ireland,IRL
port2167,Santa Panagia,Italy,ITA
port2168,Falconara,Italy,ITA
port2169,Vasto,Italy,ITA
port2170,Gaeta,Italy,ITA
port2171,Torre Annunziata,Italy,ITA
port2172,Port Kaiser,Jamaica,JAM
port2183,Okpo (Geoje),Korea,KOR
port2196,Puerto Sandino,Nicaragua,NIC
port2194,Tan Tan,Morocco,MAR
port2193,Bijela,Montenegro,MNE
port2195,Baie De Prony,New Caledonia,NCL
port2188,Derna,Libya,LBY
port2108,Hadera,Israel,ISR
port2186,Chekka,Lebanon,LBN
port2187,Aamchit,Lebanon,LBN
port2184,Mokpo,Korea,KOR
port2185,Jinhae,Korea,KOR
port2200,Taboguilla,Panama,PAN
port2201,Bialla,Papua New Guinea,PNG
port2202,Pisco,Peru,PER
port2203,La Pampilla,Peru,PER
port2204,Eten,Peru,PER
port2205,Mollendo,Peru,PER
port2206,Supe,Peru,PER
port2214,Slavyanka,Russian Federation,RUS
port2215,Sabetta,Russian Federation,RUS
port2219,Salif,Yemen,YEM
port2218,Shuqaiq,Saudi Arabia,SAU
port2221,Rota,Spain,ESP
port2222,Mahon,Spain,ESP
port2223,San Ciprian,Spain,ESP
port2224,Galle,Sri Lanka,LKA
port2225,Bashayer,Sudan,SDN
port2226,Landskrona,Sweden,SWE
port2227,Tartous,Syria,SYR
port2228,Baniyas,Syria,SYR
port2229,Anping,Taiwan Province of China,TWN
port2230,Suao,Taiwan Province of China,TWN
port2232,Mtwara,Tanzania,TZA
port2234,Feodosiya,Ukraine,UKR
port2233,Canakkale,Türkiye,TUR
port2236,Jebel Dhanna,United Arab Emirates,ARE
port2237,Das Island,United Arab Emirates,ARE
port2260,Catia La Mar,Venezuela,VEN
port2261,La Salina,Venezuela,VEN
port2262,Van Phong,Vietnam,VNM
port2263,Ash Shihr,Yemen,YEM
port2264,Rudum Terminal,Yemen,YEM
port2245,Ras Isa Terminal,Yemen,YEM
port2109,Mokha,Yemen,YEM
port2189,Pengerang,Malaysia,MYS
port2190,Kimanis,Malaysia,MYS
port2191,Kunak,Malaysia,MYS
port2192,Tawau,Malaysia,MYS
port2207,Isabel,Philippines,PHL
port2208,Amlan,Philippines,PHL
port2209,Calaca,Philippines,PHL
port2210,Balayan,Philippines,PHL
port2141,Pachi,Greece,GRC
port2142,Lavrion,Greece,GRC
port2143,Chalkis,Greece,GRC
port2144,Kali Limenes,Greece,GRC
port2145,Atherinolakos,Greece,GRC
port2146,Psakhna,Greece,GRC
port2147,San Nicolas,Greece,GRC
port2173,Henza Island,Japan,JPN
port2174,Namikata,Japan,JPN
port2176,Kanokawa,Japan,JPN
port2177,Nakagusuku,Japan,JPN
port2178,Mutsure,Japan,JPN
port2179,Chofu,Japan,JPN
port2180,Kin,Japan,JPN
port2181,Saiki,Japan,JPN
port2182,Owase,Japan,JPN
port2153,Karimun,Indonesia,IDN
port2154,Muntok,Indonesia,IDN
port2155,Sungai Pakning,Indonesia,IDN
port2156,Padang,Indonesia,IDN
port2157,Sabang,Indonesia,IDN
port2158,Pulau Sambu,Indonesia,IDN
port2159,Kuala Tanjung,Indonesia,IDN
port2160,Bula,Indonesia,IDN
port2161,Kijing,Indonesia,IDN
port2162,Amurang,Indonesia,IDN
port2163,Luwuk,Indonesia,IDN
port2238,Hound Point,United Kingdom,GBR
port2239,Flotta,United Kingdom,GBR
port2240,Douglas,United Kingdom,GBR
port2241,Cromarty,United Kingdom,GBR
port2242,Macduff,United Kingdom,GBR
port2243,Loch Striven,United Kingdom,GBR
port2244,Faslane,United Kingdom,GBR
port2246,Campbeltown,United Kingdom,GBR
port2247,Delaware,United States,USA
port2248,Rodeo,United States,USA
port2253,Kalama,United States,USA
port2249,Erie,United States,USA
port2251,Nikiski,United States,USA
port2252,Marcus Hook,United States,USA
port2254,Albany,United States,USA
port2255,Manchester,United States,USA
port2256,Dutch Harbor,United States,USA
port2265,Conneaut,United States,USA
port2266,Fairless Hills,United States,USA
port2267,Longview,United States,USA
port2268,Ashtabula,United States,USA
port2269,Fairport,United States,USA
port2270,Monroe,United States,USA
